ID,Date,Bus Boardings,Rail Boardings,Total Number of Boardings
5906,1/1/17,"277,926","292,472","570,398"
5907,1/2/17,"371,865","314,798","686,663"
5908,1/3/17,"690,503","650,650","1,341,153"
5909,1/4/17,"636,491","639,970","1,276,461"
5910,1/5/17,"611,987","629,939","1,241,926"
5911,1/6/17,"591,800","600,277","1,192,077"
5912,1/7/17,"362,508","319,746","682,254"
5913,1/8/17,"290,096","244,060","534,156"
5914,1/9/17,"781,139","692,776","1,473,915"
5915,1/10/17,"773,792","711,194","1,484,986"
5916,1/11/17,"803,730","714,551","1,518,281"
5917,1/12/17,"777,149","714,212","1,491,361"
5918,1/13/17,"771,359","698,254","1,469,613"
5919,1/14/17,"429,614","363,554","793,168"
5920,1/15/17,"328,355","280,852","609,207"
5921,1/16/17,"486,791","435,039","921,830"
5922,1/17/17,"829,925","737,976","1,567,901"
5923,1/18/17,"835,362","742,180","1,577,542"
5924,1/19/17,"823,901","743,065","1,566,966"
5925,1/20/17,"798,511","731,616","1,530,127"
5926,1/21/17,"488,902","582,031","1,070,933"
5927,1/22/17,"331,138","272,268","603,406"
5928,1/23/17,"817,750","724,078","1,541,828"
5929,1/24/17,"834,979","742,724","1,577,703"
5930,1/25/17,"831,467","743,587","1,575,054"
5931,1/26/17,"823,395","750,472","1,573,867"
5932,1/27/17,"792,183","715,515","1,507,698"
5933,1/28/17,"439,479","382,131","821,610"
5934,1/29/17,"304,565","274,728","579,293"
5935,1/30/17,"806,014","715,290","1,521,304"
5936,1/31/17,"828,074","741,389","1,569,463"
5937,2/1/17,"883,845","750,500","1,634,345"
5938,2/2/17,"829,125","736,551","1,565,676"
5939,2/3/17,"782,899","690,415","1,473,314"
5940,2/4/17,"461,743","370,873","832,616"
5941,2/5/17,"351,708","282,731","634,439"
5942,2/6/17,"838,312","713,858","1,552,170"
5943,2/7/17,"827,885","734,586","1,562,471"
5944,2/8/17,"841,278","737,535","1,578,813"
5945,2/9/17,"815,353","726,872","1,542,225"
5946,2/10/17,"832,724","720,483","1,553,207"
5947,2/11/17,"497,589","405,211","902,800"
5948,2/12/17,"358,101","296,805","654,906"
5949,2/13/17,"822,007","702,129","1,524,136"
5950,2/14/17,"870,130","752,585","1,622,715"
5951,2/15/17,"841,181","735,910","1,577,091"
5952,2/16/17,"831,398","738,525","1,569,923"
5953,2/17/17,"841,425","738,941","1,580,366"
5954,2/18/17,"512,205","447,059","959,264"
5955,2/19/17,"383,581","328,391","711,972"
5956,2/20/17,"623,736","557,822","1,181,558"
5957,2/21/17,"848,951","741,773","1,590,724"
5958,2/22/17,"873,309","758,299","1,631,608"
5959,2/23/17,"850,254","751,257","1,601,511"
5960,2/24/17,"820,536","723,532","1,544,068"
5961,2/25/17,"449,817","374,595","824,412"
5962,2/26/17,"350,829","287,405","638,234"
5963,2/27/17,"837,214","720,932","1,558,146"
5964,2/28/17,"823,654","730,508","1,554,162"
5965,3/1/17,"863,043","742,729","1,605,772"
5966,3/2/17,"842,926","741,459","1,584,385"
5967,3/3/17,"851,128","729,461","1,580,589"
5968,3/4/17,"487,500","401,568","889,068"
5969,3/5/17,"364,977","298,189","663,166"
5970,3/6/17,"823,084","703,811","1,526,895"
5971,3/7/17,"862,784","751,315","1,614,099"
5972,3/8/17,"858,498","751,336","1,609,834"
5973,3/9/17,"841,498","748,709","1,590,207"
5974,3/10/17,"816,750","730,837","1,547,587"
5975,3/11/17,"459,826","493,451","953,277"
5976,3/12/17,"336,952","292,240","629,192"
5977,3/13/17,"761,376","703,982","1,465,358"
5978,3/14/17,"712,423","727,042","1,439,465"
5979,3/15/17,"822,423","748,703","1,571,126"
5980,3/16/17,"827,779","758,060","1,585,839"
5981,3/17/17,"804,320","732,007","1,536,327"
5982,3/18/17,"473,609","404,779","878,388"
5983,3/19/17,"371,042","304,418","675,460"
5984,3/20/17,"802,404","690,624","1,493,028"
5985,3/21/17,"835,641","718,304","1,553,945"
5986,3/22/17,"816,876","706,282","1,523,158"
5987,3/23/17,"802,941","708,026","1,510,967"
5988,3/24/17,"821,828","715,787","1,537,615"
5989,3/25/17,"414,644","356,083","770,727"
5990,3/26/17,"340,733","292,995","633,728"
5991,3/27/17,"825,472","724,012","1,549,484"
5992,3/28/17,"846,658","748,201","1,594,859"
5993,3/29/17,"837,430","745,915","1,583,345"
5994,3/30/17,"756,598","718,864","1,475,462"
5995,3/31/17,"839,312","737,168","1,576,480"
5996,4/1/17,"517,493","433,603","951,096"
5997,4/2/17,"357,643","319,046","676,689"
5998,4/3/17,"840,610","743,301","1,583,911"
5999,4/4/17,"873,844","763,221","1,637,065"
6000,4/5/17,"755,345","732,462","1,487,807"
6001,4/6/17,"822,266","771,468","1,593,734"
6002,4/7/17,"765,361","741,568","1,506,929"
6003,4/8/17,"508,239","452,426","960,665"
6004,4/9/17,"388,435","336,277","724,712"
6005,4/10/17,"695,555","708,408","1,403,963"
6006,4/11/17,"736,309","720,080","1,456,389"
6007,4/12/17,"754,940","757,854","1,512,794"
6008,4/13/17,"723,724","745,720","1,469,444"
6009,4/14/17,"692,506","676,016","1,368,522"
6010,4/15/17,"506,929","453,975","960,904"
6011,4/16/17,"339,738","293,545","633,283"
6012,4/17/17,"809,433","738,426","1,547,859"
6013,4/18/17,"848,195","772,115","1,620,310"
6014,4/19/17,"811,178","757,251","1,568,429"
6015,4/20/17,"797,055","758,119","1,555,174"
6016,4/21/17,"819,393","753,932","1,573,325"
6017,4/22/17,"493,687","467,485","961,172"
6018,4/23/17,"373,492","330,832","704,324"
6019,4/24/17,"830,257","736,639","1,566,896"
6020,4/25/17,"860,569","761,180","1,621,749"
6021,4/26/17,"838,762","757,859","1,596,621"
6022,4/27/17,"807,318","748,983","1,556,301"
6023,4/28/17,"830,500","740,579","1,571,079"
6024,4/29/17,"405,068","364,346","769,414"
6025,4/30/17,"307,608","269,345","576,953"
6026,5/1/17,"847,371","747,837","1,595,208"
6027,5/2/17,"846,717","762,139","1,608,856"
6028,5/3/17,"890,581","778,089","1,668,670"
6029,5/4/17,"836,436","770,199","1,606,635"
6030,5/5/17,"840,819","771,492","1,612,311"
6031,5/6/17,"502,922","460,695","963,617"
6032,5/7/17,"370,985","334,930","705,915"
6033,5/8/17,"829,268","722,987","1,552,255"
6034,5/9/17,"827,183","738,712","1,565,895"
6035,5/10/17,"821,006","736,258","1,557,264"
6036,5/11/17,"832,163","755,558","1,587,721"
6037,5/12/17,"824,305","745,485","1,569,790"
6038,5/13/17,"504,045","427,964","932,009"
6039,5/14/17,"364,734","313,469","678,203"
6040,5/15/17,"805,190","709,882","1,515,072"
6041,5/16/17,"843,103","768,941","1,612,044"
6042,5/17/17,"835,226","763,055","1,598,281"
6043,5/18/17,"824,327","775,776","1,600,103"
6044,5/19/17,"768,158","726,694","1,494,852"
6045,5/20/17,"441,093","396,705","837,798"
6046,5/21/17,"366,609","350,024","716,633"
6047,5/22/17,"817,334","744,257","1,561,591"
6048,5/23/17,"799,986","753,184","1,553,170"
6049,5/24/17,"820,511","762,453","1,582,964"
6050,5/25/17,"829,938","776,776","1,606,714"
6051,5/26/17,"779,960","691,687","1,471,647"
6052,5/27/17,"492,255","462,129","954,384"
6053,5/28/17,"366,179","344,784","710,963"
6054,5/29/17,"375,171","336,441","711,612"
6055,5/30/17,"802,596","722,529","1,525,125"
6056,5/31/17,"827,890","745,189","1,573,079"
6057,6/1/17,"860,327","771,134","1,631,461"
6058,6/2/17,"861,203","796,256","1,657,459"
6059,6/3/17,"523,471","495,282","1,018,753"
6060,6/4/17,"400,326","384,010","784,336"
6061,6/5/17,"838,839","768,461","1,607,300"
6062,6/6/17,"845,564","787,009","1,632,573"
6063,6/7/17,"846,730","793,617","1,640,347"
6064,6/8/17,"821,372","805,398","1,626,770"
6065,6/9/17,"833,135","822,483","1,655,618"
6066,6/10/17,"525,084","558,726","1,083,810"
6067,6/11/17,"406,991","440,096","847,087"
6068,6/12/17,"808,630","753,763","1,562,393"
6069,6/13/17,"817,478","764,155","1,581,633"
6070,6/14/17,"786,388","742,346","1,528,734"
6071,6/15/17,"830,091","777,758","1,607,849"
6072,6/16/17,"785,270","739,069","1,524,339"
6073,6/17/17,"486,358","419,764","906,122"
6074,6/18/17,"390,193","338,474","728,667"
6075,6/19/17,"755,955","739,609","1,495,564"
6076,6/20/17,"801,344","781,004","1,582,348"
6077,6/21/17,"758,596","776,244","1,534,840"
6078,6/22/17,"733,128","745,336","1,478,464"
6079,6/23/17,"729,483","747,333","1,476,816"
6080,6/24/17,"504,647","482,168","986,815"
6081,6/25/17,"390,267","513,970","904,237"
6082,6/26/17,"738,507","722,154","1,460,661"
6083,6/27/17,"763,875","751,340","1,515,215"
6084,6/28/17,"722,682","733,693","1,456,375"
6085,6/29/17,"747,180","778,070","1,525,250"
6086,6/30/17,"763,402","760,380","1,523,782"
6087,7/1/17,"514,092","488,429","1,002,521"
6088,7/2/17,"398,108","364,979","763,087"
6089,7/3/17,"669,915","543,712","1,213,627"
6090,7/4/17,"407,991","389,791","797,782"
6091,7/5/17,"746,019","733,914","1,479,933"
6092,7/6/17,"755,516","784,948","1,540,464"
6093,7/7/17,"749,664","780,389","1,530,053"
6094,7/8/17,"517,165","518,674","1,035,839"
6095,7/9/17,"400,539","402,561","803,100"
6096,7/10/17,"719,494","695,215","1,414,709"
6097,7/11/17,"771,348","735,051","1,506,399"
6098,7/12/17,"694,204","702,581","1,396,785"
6099,7/13/17,"773,047","751,562","1,524,609"
6100,7/14/17,"748,691","762,728","1,511,419"
6101,7/15/17,"511,540","495,618","1,007,158"
6102,7/16/17,"371,692","374,578","746,270"
6103,7/17/17,"754,669","741,094","1,495,763"
6104,7/18/17,"776,582","754,149","1,530,731"
6105,7/19/17,"769,368","750,889","1,520,257"
6106,7/20/17,"716,096","726,632","1,442,728"
6107,7/21/17,"733,117","762,529","1,495,646"
6108,7/22/17,"485,978","471,542","957,520"
6109,7/23/17,"380,247","372,309","752,556"
6110,7/24/17,"744,976","765,597","1,510,573"
6111,7/25/17,"765,040","772,350","1,537,390"
6112,7/26/17,"769,890","755,604","1,525,494"
6113,7/27/17,"770,692","770,016","1,540,708"
6114,7/28/17,"754,679","738,168","1,492,847"
6115,7/29/17,"496,951","462,430","959,381"
6116,7/30/17,"385,002","349,892","734,894"
6117,7/31/17,"732,690","707,434","1,440,124"
6118,8/1/17,"789,859","773,470","1,563,329"
6119,8/2/17,"771,256","811,636","1,582,892"
6120,8/3/17,"763,271","834,427","1,597,698"
6121,8/4/17,"732,776","827,248","1,560,024"
6122,8/5/17,"503,623","546,783","1,050,406"
6123,8/6/17,"376,669","430,711","807,380"
6124,8/7/17,"733,495","704,247","1,437,742"
6125,8/8/17,"761,850","735,234","1,497,084"
6126,8/9/17,"759,657","732,813","1,492,470"
6127,8/10/17,"747,519","745,430","1,492,949"
6128,8/11/17,"746,418","756,699","1,503,117"
6129,8/12/17,"505,271","477,767","983,038"
6130,8/13/17,"384,338","351,048","735,386"
6131,8/14/17,"722,238","716,772","1,439,010"
6132,8/15/17,"774,523","700,422","1,474,945"
6133,8/16/17,"739,357","734,845","1,474,202"
6134,8/17/17,"722,939","751,673","1,474,612"
6135,8/18/17,"741,688","751,342","1,493,030"
6136,8/19/17,"510,200","488,523","998,723"
6137,8/20/17,"395,932","381,042","776,974"
6138,8/21/17,"707,640","675,484","1,383,124"
6139,8/22/17,"741,370","697,126","1,438,496"
6140,8/23/17,"763,384","719,511","1,482,895"
6141,8/24/17,"749,315","748,046","1,497,361"
6142,8/25/17,"749,192","741,123","1,490,315"
6143,8/26/17,"487,453","446,049","933,502"
6144,8/27/17,"358,840","336,109","694,949"
6145,8/28/17,"761,796","740,387","1,502,183"
6146,8/29/17,"783,337","763,274","1,546,611"
6147,8/30/17,"801,205","779,477","1,580,682"
6148,8/31/17,"791,635","785,637","1,577,272"
6149,9/1/17,"827,394","760,661","1,588,055"
6150,9/2/17,"512,150","481,961","994,111"
6151,9/3/17,"417,707","410,951","828,658"
6152,9/4/17,"375,104","326,524","701,628"
6153,9/5/17,"893,214","763,159","1,656,373"
6154,9/6/17,"854,979","785,896","1,640,875"
6155,9/7/17,"867,162","801,972","1,669,134"
6156,9/8/17,"849,319","809,597","1,658,916"
6157,9/9/17,"511,569","488,232","999,801"
6158,9/10/17,"383,625","375,160","758,785"
6159,9/11/17,"861,907","767,744","1,629,651"
6160,9/12/17,"883,298","813,900","1,697,198"
6161,9/13/17,"876,445","813,293","1,689,738"
6162,9/14/17,"874,356","838,725","1,713,081"
6163,9/15/17,"871,656","838,001","1,709,657"
6164,9/16/17,"517,447","521,275","1,038,722"
6165,9/17/17,"386,719","379,480","766,199"
6166,9/18/17,"866,120","772,443","1,638,563"
6167,9/19/17,"861,844","786,075","1,647,919"
6168,9/20/17,"887,017","795,055","1,682,072"
6169,9/21/17,"859,255","788,217","1,647,472"
6170,9/22/17,"854,042","781,053","1,635,095"
6171,9/23/17,"499,368","464,903","964,271"
6172,9/24/17,"378,420","351,102","729,522"
6173,9/25/17,"861,042","767,660","1,628,702"
6174,9/26/17,"877,350","791,462","1,668,812"
6175,9/27/17,"882,592","796,822","1,679,414"
6176,9/28/17,"881,438","809,624","1,691,062"
6177,9/29/17,"898,739","811,721","1,710,460"
6178,9/30/17,"524,516","482,974","1,007,490"
6179,10/1/17,"389,470","361,156","750,626"
6180,10/2/17,"877,992","767,540","1,645,532"
6181,10/3/17,"921,022","794,082","1,715,104"
6182,10/4/17,"889,343","798,360","1,687,703"
6183,10/5/17,"889,166","816,694","1,705,860"
6184,10/6/17,"841,999","805,746","1,647,745"
6185,10/7/17,"484,231","469,808","954,039"
6186,10/8/17,"374,005","539,097","913,102"
6187,10/9/17,"712,539","752,125","1,464,664"
6188,10/10/17,"874,192","822,023","1,696,215"
6189,10/11/17,"850,229","817,909","1,668,138"
6190,10/12/17,"870,996","810,442","1,681,438"
6191,10/13/17,"879,791","796,714","1,676,505"
6192,10/14/17,"376,288","368,266","744,554"
6193,10/15/17,"362,392","335,609","698,001"
6194,10/16/17,"867,372","776,457","1,643,829"
6195,10/17/17,"882,601","819,635","1,702,236"
6196,10/18/17,"888,806","831,089","1,719,895"
6197,10/19/17,"876,423","848,003","1,724,426"
6198,10/20/17,"862,656","796,878","1,659,534"
6199,10/21/17,"520,339","481,334","1,001,673"
6200,10/22/17,"344,543","320,608","665,151"
6201,10/23/17,"802,893","750,619","1,553,512"
6202,10/24/17,"812,947","769,526","1,582,473"
6203,10/25/17,"876,000","794,572","1,670,572"
6204,10/26/17,"872,176","805,362","1,677,538"
6205,10/27/17,"833,348","769,792","1,603,140"
6206,10/28/17,"472,503","422,323","894,826"
6207,10/29/17,"355,321","320,982","676,303"
6208,10/30/17,"837,676","753,860","1,591,536"
6209,10/31/17,"843,988","758,455","1,602,443"
6210,11/1/17,"881,053","780,670","1,661,723"
6211,11/2/17,"864,434","794,788","1,659,222"
6212,11/3/17,"815,500","755,771","1,571,271"
6213,11/4/17,"450,968","393,884","844,852"
6214,11/5/17,"359,176","312,232","671,408"
6215,11/6/17,"866,671","772,803","1,639,474"
6216,11/7/17,"871,211","785,554","1,656,765"
6217,11/8/17,"875,619","796,870","1,672,489"
6218,11/9/17,"860,819","800,535","1,661,354"
6219,11/10/17,"741,017","721,331","1,462,348"
6220,11/11/17,"461,927","427,100","889,027"
6221,11/12/17,"341,066","303,087","644,153"
6222,11/13/17,"846,572","758,107","1,604,679"
6223,11/14/17,"862,352","781,533","1,643,885"
6224,11/15/17,"826,138","770,507","1,596,645"
6225,11/16/17,"831,869","773,696","1,605,565"
6226,11/17/17,"836,442","779,012","1,615,454"
6227,11/18/17,"426,814","429,256","856,070"
6228,11/19/17,"359,562","330,196","689,758"
6229,11/20/17,"840,370","747,181","1,587,551"
6230,11/21/17,"825,182","745,801","1,570,983"
6231,11/22/17,"677,643","620,904","1,298,547"
6232,11/23/17,"263,654","208,426","472,080"
6233,11/24/17,"503,847","415,069","918,916"
6234,11/25/17,"425,522","369,396","794,918"
6235,11/26/17,"336,930","290,753","627,683"
6236,11/27/17,"839,274","726,945","1,566,219"
6237,11/28/17,"847,910","753,208","1,601,118"
6238,11/29/17,"850,702","761,131","1,611,833"
6239,11/30/17,"850,783","772,769","1,623,552"
6240,12/1/17,"890,982","785,058","1,676,040"
6241,12/2/17,"511,676","461,699","973,375"
6242,12/3/17,"378,519","338,558","717,077"
6243,12/4/17,"855,387","739,950","1,595,337"
6244,12/5/17,"822,703","737,397","1,560,100"
6245,12/6/17,"829,498","742,215","1,571,713"
6246,12/7/17,"794,129","741,934","1,536,063"
6247,12/8/17,"805,911","739,840","1,545,751"
6248,12/9/17,"439,827","405,822","845,649"
6249,12/10/17,"336,156","295,505","631,661"
6250,12/11/17,"807,879","706,163","1,514,042"
6251,12/12/17,"783,312","709,949","1,493,261"
6252,12/13/17,"800,995","715,178","1,516,173"
6253,12/14/17,"790,977","722,667","1,513,644"
6254,12/15/17,"780,679","700,482","1,481,161"
6255,12/16/17,"484,468","419,897","904,365"
6256,12/17/17,"351,260","296,372","647,632"
6257,12/18/17,"784,151","675,289","1,459,440"
6258,12/19/17,"812,618","697,684","1,510,302"
6259,12/20/17,"798,144","683,898","1,482,042"
6260,12/21/17,"769,444","659,956","1,429,400"
6261,12/22/17,"727,262","586,190","1,313,452"
6262,12/23/17,"438,917","324,065","762,982"
6263,12/24/17,"275,937","205,801","481,738"
6264,12/25/17,"164,256","118,654","282,910"
6265,12/26/17,"398,823","327,742","726,565"
6266,12/27/17,"466,856","416,016","882,872"
6267,12/28/17,"509,850","456,611","966,461"
6268,12/29/17,"552,051","466,865","1,018,916"
6269,12/30/17,"335,207","276,381","611,588"
6270,12/31/17,"274,143","235,949","510,092"
6271,1/1/18,"199,845","195,520","395,365"
6272,1/2/18,"507,648","514,174","1,021,822"
6273,1/3/18,"598,578","587,740","1,186,318"
6274,1/4/18,"594,414","591,081","1,185,495"
6275,1/5/18,"597,163","572,525","1,169,688"
6276,1/6/18,"372,807","292,077","664,884"
6277,1/7/18,"284,438","226,604","511,042"
6278,1/8/18,"755,777","664,263","1,420,040"
6279,1/9/18,"780,104","684,704","1,464,808"
6280,1/10/18,"783,008","695,123","1,478,131"
6281,1/11/18,"774,197","695,496","1,469,693"
6282,1/12/18,"730,031","643,915","1,373,946"
6283,1/13/18,"392,644","323,263","715,907"
6284,1/14/18,"291,206","245,376","536,582"
6285,1/15/18,"463,868","419,604","883,472"
6286,1/16/18,"779,194","710,906","1,490,100"
6287,1/17/18,"787,021","713,680","1,500,701"
6288,1/18/18,"788,150","720,369","1,508,519"
6289,1/19/18,"784,287","701,290","1,485,577"
6290,1/20/18,"438,286","449,322","887,608"
6291,1/21/18,"316,648","259,818","576,466"
6292,1/22/18,"781,955","711,848","1,493,803"
6293,1/23/18,"795,146","733,662","1,528,808"
6294,1/24/18,"808,026","732,420","1,540,446"
6295,1/25/18,"813,348","743,858","1,557,206"
6296,1/26/18,"806,770","722,671","1,529,441"
6297,1/27/18,"455,974","384,419","840,393"
6298,1/28/18,"320,779","268,995","589,774"
6299,1/29/18,"774,310","699,889","1,474,199"
6300,1/30/18,"801,986","723,334","1,525,320"
6301,1/31/18,"815,252","729,419","1,544,671"
6302,2/1/18,"824,632","724,399","1,549,031"
6303,2/2/18,"706,351","657,689","1,364,040"
6304,2/3/18,"435,554","344,309","779,863"
6305,2/4/18,"279,353","232,906","512,259"
6306,2/5/18,"734,272","675,368","1,409,640"
6307,2/6/18,"783,522","708,071","1,491,593"
6308,2/7/18,"790,600","714,000","1,504,600"
6309,2/8/18,"782,384","727,764","1,510,148"
6310,2/9/18,"480,347","490,054","970,401"
6311,2/10/18,"399,759","351,548","751,307"
6312,2/11/18,"294,675","260,148","554,823"
6313,2/12/18,"771,383","692,183","1,463,566"
6314,2/13/18,"832,686","743,502","1,576,188"
6315,2/14/18,"846,174","756,475","1,602,649"
6316,2/15/18,"819,948","746,521","1,566,469"
6317,2/16/18,"803,410","725,091","1,528,501"
6318,2/17/18,"438,472","383,764","822,236"
6319,2/18/18,"345,438","299,983","645,421"
6320,2/19/18,"569,983","523,621","1,093,604"
6321,2/20/18,"786,356","718,493","1,504,849"
6322,2/21/18,"831,241","740,388","1,571,629"
6323,2/22/18,"833,819","743,449","1,577,268"
6324,2/23/18,"820,477","720,769","1,541,246"
6325,2/24/18,"461,537","387,230","848,767"
6326,2/25/18,"347,690","292,093","639,783"
6327,2/26/18,"825,842","718,649","1,544,491"
6328,2/27/18,"846,696","743,269","1,589,965"
6329,2/28/18,"837,820","736,868","1,574,688"
6330,3/1/18,"807,973","724,095","1,532,068"
6331,3/2/18,"838,965","719,445","1,558,410"
6332,3/3/18,"489,631","400,158","889,789"
6333,3/4/18,"360,783","288,394","649,177"
6334,3/5/18,"793,241","686,228","1,479,469"
6335,3/6/18,"818,087","723,274","1,541,361"
6336,3/7/18,"829,608","731,992","1,561,600"
6337,3/8/18,"813,217","734,447","1,547,664"
6338,3/9/18,"806,152","712,092","1,518,244"
6339,3/10/18,"471,143","394,014","865,157"
6340,3/11/18,"339,755","286,948","626,703"
6341,3/12/18,"798,061","715,220","1,513,281"
6342,3/13/18,"808,848","731,938","1,540,786"
6343,3/14/18,"834,401","747,391","1,581,792"
6344,3/15/18,"829,652","754,110","1,583,762"
6345,3/16/18,"808,945","738,857","1,547,802"
6346,3/17/18,"471,682","607,823","1,079,505"
6347,3/18/18,"361,391","320,742","682,133"
6348,3/19/18,"807,848","709,194","1,517,042"
6349,3/20/18,"808,168","710,058","1,518,226"
6350,3/21/18,"815,911","715,243","1,531,154"
6351,3/22/18,"807,829","722,634","1,530,463"
6352,3/23/18,"789,868","699,928","1,489,796"
6353,3/24/18,"424,609","389,468","814,077"
6354,3/25/18,"331,496","306,710","638,206"
6355,3/26/18,"685,230","660,176","1,345,406"
6356,3/27/18,"688,138","684,664","1,372,802"
6357,3/28/18,"719,691","695,373","1,415,064"
6358,3/29/18,"692,129","686,014","1,378,143"
6359,3/30/18,"672,341","608,535","1,280,876"
6360,3/31/18,"428,294","349,132","777,426"
6361,4/1/18,"305,848","238,356","544,204"
6362,4/2/18,"782,016","688,114","1,470,130"
6363,4/3/18,"816,056","720,417","1,536,473"
6364,4/4/18,"823,619","738,079","1,561,698"
6365,4/5/18,"817,204","753,661","1,570,865"
6366,4/6/18,"792,532","721,169","1,513,701"
6367,4/7/18,"466,492","404,650","871,142"
6368,4/8/18,"335,409","283,411","618,820"
6369,4/9/18,"773,663","708,735","1,482,398"
6370,4/10/18,"798,350","748,682","1,547,032"
6371,4/11/18,"849,255","770,269","1,619,524"
6372,4/12/18,"836,193","775,422","1,611,615"
6373,4/13/18,"729,175","716,600","1,445,775"
6374,4/14/18,"417,189","374,923","792,112"
6375,4/15/18,"300,857","258,277","559,134"
6376,4/16/18,"773,294","704,714","1,478,008"
6377,4/17/18,"830,925","759,128","1,590,053"
6378,4/18/18,"783,296","728,207","1,511,503"
6379,4/19/18,"774,579","749,646","1,524,225"
6380,4/20/18,"812,450","735,681","1,548,131"
6381,4/21/18,"455,577","392,721","848,298"
6382,4/22/18,"348,195","294,515","642,710"
6383,4/23/18,"810,268","712,596","1,522,864"
6384,4/24/18,"826,998","743,776","1,570,774"
6385,4/25/18,"838,143","748,866","1,587,009"
6386,4/26/18,"837,802","777,534","1,615,336"
6387,4/27/18,"812,960","752,386","1,565,346"
6388,4/28/18,"480,130","426,851","906,981"
6389,4/29/18,"354,456","327,855","682,311"
6390,4/30/18,"817,980","746,550","1,564,530"
6391,5/1/18,"876,677","777,780","1,654,457"
6392,5/2/18,"834,718","752,143","1,586,861"
6393,5/3/18,"840,135","744,199","1,584,334"
6394,5/4/18,"830,802","736,342","1,567,144"
6395,5/5/18,"506,199","443,358","949,557"
6396,5/6/18,"359,516","315,030","674,546"
6397,5/7/18,"821,267","742,969","1,564,236"
6398,5/8/18,"841,014","781,451","1,622,465"
6399,5/9/18,"803,570","756,378","1,559,948"
6400,5/10/18,"838,748","762,718","1,601,466"
6401,5/11/18,"788,585","744,337","1,532,922"
6402,5/12/18,"440,554","392,468","833,022"
6403,5/13/18,"335,726","306,051","641,777"
6404,5/14/18,"742,924","686,671","1,429,595"
6405,5/15/18,"809,607","728,488","1,538,095"
6406,5/16/18,"824,209","733,303","1,557,512"
6407,5/17/18,"807,735","743,467","1,551,202"
6408,5/18/18,"784,606","717,590","1,502,196"
6409,5/19/18,"461,266","408,091","869,357"
6410,5/20/18,"321,817","288,853","610,670"
6411,5/21/18,"709,633","669,968","1,379,601"
6412,5/22/18,"819,740","762,899","1,582,639"
6413,5/23/18,"827,983","774,273","1,602,256"
6414,5/24/18,"813,320","757,935","1,571,255"
6415,5/25/18,"797,393","730,669","1,528,062"
6416,5/26/18,"474,011","472,471","946,482"
6417,5/27/18,"382,202","375,810","758,012"
6418,5/28/18,"364,119","325,534","689,653"
6419,5/29/18,"797,433","716,137","1,513,570"
6420,5/30/18,"793,348","716,886","1,510,234"
6421,5/31/18,"819,988","753,062","1,573,050"
6422,6/1/18,"851,045","773,824","1,624,869"
6423,6/2/18,"496,149","437,154","933,303"
6424,6/3/18,"383,320","342,776","726,096"
6425,6/4/18,"820,746","726,476","1,547,222"
6426,6/5/18,"826,465","778,366","1,604,831"
6427,6/6/18,"820,198","778,486","1,598,684"
6428,6/7/18,"821,694","798,516","1,620,210"
6429,6/8/18,"779,201","766,692","1,545,893"
6430,6/9/18,"464,236","475,218","939,454"
6431,6/10/18,"332,042","339,387","671,429"
6432,6/11/18,"781,557","724,255","1,505,812"
6433,6/12/18,"807,427","750,111","1,557,538"
6434,6/13/18,"783,799","759,987","1,543,786"
6435,6/14/18,"795,923","754,502","1,550,425"
6436,6/15/18,"775,628","735,211","1,510,839"
6437,6/16/18,"472,932","441,274","914,206"
6438,6/17/18,"351,730","324,959","676,689"
6439,6/18/18,"742,447","722,983","1,465,430"
6440,6/19/18,"779,092","768,531","1,547,623"
6441,6/20/18,"741,682","763,084","1,504,766"
6442,6/21/18,"628,563","683,599","1,312,162"
6443,6/22/18,"669,210","689,577","1,358,787"
6444,6/23/18,"487,366","452,638","940,004"
6445,6/24/18,"382,787","515,034","897,821"
6446,6/25/18,"730,834","709,948","1,440,782"
6447,6/26/18,"714,896","717,661","1,432,557"
6448,6/27/18,"734,332","744,015","1,478,347"
6449,6/28/18,"751,395","758,891","1,510,286"
6450,6/29/18,"748,648","755,938","1,504,586"
6451,6/30/18,"473,766","468,103","941,869"
6452,7/1/18,"353,385","329,670","683,055"
6453,7/2/18,"734,869","678,249","1,413,118"
6454,7/3/18,"771,705","716,848","1,488,553"
6455,7/4/18,"384,885","366,963","751,848"
6456,7/5/18,"652,746","615,715","1,268,461"
6457,7/6/18,"720,068","699,130","1,419,198"
6458,7/7/18,"485,369","439,367","924,736"
6459,7/8/18,"376,335","346,489","722,824"
6460,7/9/18,"742,452","704,612","1,447,064"
6461,7/10/18,"766,160","742,163","1,508,323"
6462,7/11/18,"772,083","765,257","1,537,340"
6463,7/12/18,"755,211","766,466","1,521,677"
6464,7/13/18,"753,196","784,018","1,537,214"
6465,7/14/18,"471,688","455,259","926,947"
6466,7/15/18,"380,142","378,006","758,148"
6467,7/16/18,"731,999","700,335","1,432,334"
6468,7/17/18,"768,143","739,651","1,507,794"
6469,7/18/18,"770,336","745,511","1,515,847"
6470,7/19/18,"765,291","780,813","1,546,104"
6471,7/20/18,"721,413","762,815","1,484,228"
6472,7/21/18,"469,280","483,657","952,937"
6473,7/22/18,"339,813","357,484","697,297"
6474,7/23/18,"742,296","746,950","1,489,246"
6475,7/24/18,"766,503","775,343","1,541,846"
6476,7/25/18,"763,505","768,014","1,531,519"
6477,7/26/18,"758,033","781,151","1,539,184"
6478,7/27/18,"729,506","741,794","1,471,300"
6479,7/28/18,"484,064","453,186","937,250"
6480,7/29/18,"374,591","354,824","729,415"
6481,7/30/18,"718,899","721,661","1,440,560"
6482,7/31/18,"733,107","729,861","1,462,968"
6483,8/1/18,"778,530","757,280","1,535,810"
6484,8/2/18,"743,458","861,954","1,605,412"
6485,8/3/18,"765,341","831,628","1,596,969"
6486,8/4/18,"480,664","521,622","1,002,286"
6487,8/5/18,"368,543","423,810","792,353"
6488,8/6/18,"688,147","687,412","1,375,559"
6489,8/7/18,"710,000","702,495","1,412,495"
6490,8/8/18,"737,497","726,837","1,464,334"
6491,8/9/18,"725,134","727,089","1,452,223"
6492,8/10/18,"728,844","757,214","1,486,058"
6493,8/11/18,"498,035","485,775","983,810"
6494,8/12/18,"372,421","371,962","744,383"
6495,8/13/18,"705,028","681,926","1,386,954"
6496,8/14/18,"722,447","739,143","1,461,590"
6497,8/15/18,"710,743","720,004","1,430,747"
6498,8/16/18,"720,279","712,077","1,432,356"
6499,8/17/18,"702,584","697,625","1,400,209"
6500,8/18/18,"493,509","469,340","962,849"
6501,8/19/18,"380,140","357,318","737,458"
6502,8/20/18,"668,029","672,736","1,340,765"
6503,8/21/18,"714,668","705,759","1,420,427"
6504,8/22/18,"747,818","711,067","1,458,885"
6505,8/23/18,"751,380","748,147","1,499,527"
6506,8/24/18,"692,290","698,828","1,391,118"
6507,8/25/18,"472,537","437,488","910,025"
6508,8/26/18,"358,918","344,736","703,654"
6509,8/27/18,"751,100","740,835","1,491,935"
6510,8/28/18,"751,236","764,285","1,515,521"
6511,8/29/18,"752,668","767,691","1,520,359"
6512,8/30/18,"776,906","780,357","1,557,263"
6513,8/31/18,"773,345","726,643","1,499,988"
6514,9/1/18,"457,556","415,563","873,119"
6515,9/2/18,"393,446","368,715","762,161"
6516,9/3/18,"330,488","293,772","624,260"
6517,9/4/18,"864,262","756,397","1,620,659"
6518,9/5/18,"854,763","785,143","1,639,906"
6519,9/6/18,"819,596","786,139","1,605,735"
6520,9/7/18,"814,560","796,057","1,610,617"
6521,9/8/18,"486,855","460,892","947,747"
6522,9/9/18,"361,946","329,445","691,391"
6523,9/10/18,"844,530","792,245","1,636,775"
6524,9/11/18,"861,007","818,737","1,679,744"
6525,9/12/18,"865,443","835,997","1,701,440"
6526,9/13/18,"851,071","821,484","1,672,555"
6527,9/14/18,"841,332","833,730","1,675,062"
6528,9/15/18,"498,240","505,429","1,003,669"
6529,9/16/18,"375,988","375,547","751,535"
6530,9/17/18,"839,178","794,968","1,634,146"
6531,9/18/18,"846,003","796,654","1,642,657"
6532,9/19/18,"844,257","786,851","1,631,108"
6533,9/20/18,"840,571","812,664","1,653,235"
6534,9/21/18,"829,287","806,274","1,635,561"
6535,9/22/18,"497,023","464,531","961,554"
6536,9/23/18,"373,382","331,323","704,705"
6537,9/24/18,"829,917","806,181","1,636,098"
6538,9/25/18,"843,206","813,982","1,657,188"
6539,9/26/18,"868,419","838,474","1,706,893"
6540,9/27/18,"858,664","847,133","1,705,797"
6541,9/28/18,"824,823","816,264","1,641,087"
6542,9/29/18,"492,591","500,479","993,070"
6543,9/30/18,"365,436","362,732","728,168"